14500	3146.609	1597.677	\pxsm1,qc;{\fBritannic Bold|b0|i0|c0|p34;\H0.3x;\LPOTONGAN B-B (TAHAP 1)\P\H0.66667x;\lSKALA 1:100}
145A9	3099.032	1614.636	\pxqr;{\fCalibri Light|b0|i0|c0|p34;PEDESTAL 40cm x 60cm}
145AB	3099.032	1610.782	{\fCalibri Light|b0|i0|c0|p34;PONDASI PLAT\P2.00 x 2.00 x 0.50}
145AE	3099.096	1616.511	\pxqr;{\fCalibri Light|b0|i0|c0|p34;KOLOM WF 350}
145B2	3099.032	1606.163	{\fCalibri Light|b0|i0|c0|p34;PANCANG, 2  TITIK\PPANJANG 6m}
145B5	3099.032	1612.735	\pxqr;{\fCalibri Light|b0|i0|c0|p34;SLOOF 20cm x 40cm}
145B7	3099.107	1622.812	{\fCalibri Light|b0|i0|c0|p34;LEGER CNP 125,\PIsian Besi Beton 10mm}
145BA	3099.107	1623.664	{\fCalibri Light|b0|i0|c0|p34;KUDA-KUDA WF 300}
145BD	3099.107	1626.521	{\fCalibri Light|b0|i0|c0|p34;TRESTANG %%C12}
145C0	3099.107	1625.391	{\fCalibri Light|b0|i0|c0|p34;TALI ANGIN %%C16}
145C3	3099.107	1625.391	\pxqr;{\fCalibri Light|b0|i0|c0|p34;\C0;TALI ANGIN %%C16}
145C5	3099.107	1624.489	\pxqr;{\fCalibri Light|b0|i0|c0|p34;\C0;GORDING CNP 125}
145CB	3141.701	1614.779	\pxqc;{\fCalibri Light|b0|i0|c0|p34;LANTAI 1}
145D0	3117.701	1614.779	\pxqc;{\fCalibri Light|b0|i0|c0|p34;LANTAI 1}
145D6	3145.372	1645.310	\pxsm1,qc;{\fBritannic Bold|b0|i0|c0|p34;\H0.3x;\LTAMPAK BARAT (TAHAP 1)\P\H0.66667x;\lSKALA 1:100}
14635	3220.677	1615.316	\pxsm1,ql;{\fCalibri Light|b0|i0|c0|p34;+ 1.00}
14639	3220.677	1614.316	\pxsm1,ql;{\fCalibri Light|b0|i0|c0|p34;%%P 0.00}
1463D	3220.914	1612.316	\pxsm1,ql;{\fCalibri Light|b0|i0|c0|p34;- 2.00}
14641	3220.914	1611.816	\pxsm1,ql;{\fCalibri Light|b0|i0|c0|p34;- 2.50}
14647	3220.914	1605.816	\pxsm1,ql;{\fCalibri Light|b0|i0|c0|p34;- 8.50}
14649	3220.677	1618.816	\pxsm1,ql;{\fCalibri Light|b0|i0|c0|p34;+ 4.50}
1464D	3220.491	1623.316	\pxsm1,ql;{\fCalibri Light|b0|i0|c0|p34;+ 9.00}
14651	3220.491	1627.816	\pxsm1,ql;{\fCalibri Light|b0|i0|c0|p34;+ 13.50}
165A2	2373.704	1519.655	\pxqc;{\fBritannic Bold|b0|i0|c0|p34;\H0.95362x;\LLAYOUT PLAN ALT.2\H1.04864x;\P\H0.81738x;\lSKALA 1:100}
165A4	2407.574	1666.262	{\fVerdana|b1|i0|c0|p34;U}
165D3	2516.147	1653.537	\pxqc;{\fCalibri Light|b0|i0|c0|p34;TAHAP 1}
165D5	2516.147	1623.537	\pxqc;{\fCalibri Light|b0|i0|c0|p34;TAHAP 1}
165D7	2459.147	1653.537	\pxqc;{\fCalibri Light|b0|i0|c0|p34;TAHAP 1}
165DF	2475.000	1591.721	\pxsm1,qc;{\fBritannic Bold|b0|i0|c0|p34;\H0.47681x;\LRENC. PONDASI GUDANG (TAHAP 1)\H2.09728x;\P\H0.40869x;\lSKALA 1:100}
165E1	2456.183	1518.319	\pxsm1,qc;{\fBritannic Bold|b0|i0|c0|p34;\H0.40869x;\LRENC. PONDASI GUDANG (TAHAP 2)\H2.44683x;\P\H0.34058x;\lSKALA 1:100}
165E3	2459.147	1623.537	\pxqc;{\fCalibri Light|b0|i0|c0|p34;TAHAP 1}
165E8	2487.594	1600.630	\pxqc;{\fCalibri Light|b0|i0|c0|p34;A-A}
165EC	2484.594	1674.630	\pxqc;{\fCalibri Light|b0|i0|c0|p34;A-A}
165F1	2442.890	1642.334	\pxqc;{\fCalibri Light|b0|i0|c0|p34;B-B}
165F3	2459.682	1546.307	\pxqc;{\fCalibri Light|b0|i0|c0|p34;TAHAP 2}
165F5	2501.682	1546.307	\pxqc;{\fCalibri Light|b0|i0|c0|p34;TAHAP 2}
165F9	2564.890	1642.334	\pxqc;{\fCalibri Light|b0|i0|c0|p34;B-B}
165FE	2440.816	1542.748	\pxqc;{\fCalibri Light|b0|i0|c0|p34;B-B}
16602	2534.816	1542.748	\pxqc;{\fCalibri Light|b0|i0|c0|p34;B-B}
16607	2504.520	1525.044	\pxqc;{\fCalibri Light|b0|i0|c0|p34;A-A}
1660B	2501.520	1569.044	\pxqc;{\fCalibri Light|b0|i0|c0|p34;A-A}
1660D	2450.407	1665.024	\pxqc;{\fCalibri Light|b0|i0|c0|p34;PONDASI PLAT\P2.00 x 2.00 x 0.50}
16610	2460.875	1666.485	\pxqc;{\fCalibri Light|b0|i0|c0|p34;SLOOF  \P20cm x 40cm}
16612	2450.407	1635.024	\pxqc;{\fCalibri Light|b0|i0|c0|p34;PONDASI PLAT\P2.00 x 2.00 x 0.50}
16615	2460.875	1636.485	\pxqc;{\fCalibri Light|b0|i0|c0|p34;SLOOF  \P20cm x 40cm}
16617	2474.407	1665.024	\pxqc;{\fCalibri Light|b0|i0|c0|p34;PONDASI PLAT\P2.00 x 2.00 x 0.50}
1661A	2484.875	1666.485	\pxqc;{\fCalibri Light|b0|i0|c0|p34;SLOOF  \P20cm x 40cm}
1661C	2474.407	1635.024	\pxqc;{\fCalibri Light|b0|i0|c0|p34;PONDASI PLAT\P2.00 x 2.00 x 0.50}
1661F	2484.875	1636.485	\pxqc;{\fCalibri Light|b0|i0|c0|p34;SLOOF  \P20cm x 40cm}
16621	2498.407	1665.024	\pxqc;{\fCalibri Light|b0|i0|c0|p34;PONDASI PLAT\P2.00 x 2.00 x 0.50}
16624	2508.875	1666.485	\pxqc;{\fCalibri Light|b0|i0|c0|p34;SLOOF  \P20cm x 40cm}
16626	2498.407	1635.024	\pxqc;{\fCalibri Light|b0|i0|c0|p34;PONDASI PLAT\P2.00 x 2.00 x 0.50}
16629	2508.875	1636.485	\pxqc;{\fCalibri Light|b0|i0|c0|p34;SLOOF  \P20cm x 40cm}
1662B	2522.407	1665.024	\pxqc;{\fCalibri Light|b0|i0|c0|p34;PONDASI PLAT\P2.00 x 2.00 x 0.50}
1662E	2532.875	1666.485	\pxqc;{\fCalibri Light|b0|i0|c0|p34;SLOOF  \P20cm x 40cm}
16630	2522.407	1635.024	\pxqc;{\fCalibri Light|b0|i0|c0|p34;PONDASI PLAT\P2.00 x 2.00 x 0.50}
16633	2532.875	1636.485	\pxqc;{\fCalibri Light|b0|i0|c0|p34;SLOOF  \P20cm x 40cm}
16635	2554.972	1665.024	\pxqc;{\fCalibri Light|b0|i0|c0|p34;PONDASI PLAT\P2.00 x 2.00 x 0.50}
16638	2554.972	1635.024	\pxqc;{\fCalibri Light|b0|i0|c0|p34;PONDASI PLAT\P2.00 x 2.00 x 0.50}
1663B	2474.407	1608.968	\pxqc;{\fCalibri Light|b0|i0|c0|p34;PONDASI PLAT\P2.00 x 2.00 x 0.50}
1663E	2484.875	1607.507	\pxqc;{\fCalibri Light|b0|i0|c0|p34;SLOOF  \P20cm x 40cm}
16640	2498.407	1608.968	\pxqc;{\fCalibri Light|b0|i0|c0|p34;PONDASI PLAT\P2.00 x 2.00 x 0.50}
16643	2508.875	1607.507	\pxqc;{\fCalibri Light|b0|i0|c0|p34;SLOOF  \P20cm x 40cm}
16645	2522.407	1608.968	\pxqc;{\fCalibri Light|b0|i0|c0|p34;PONDASI PLAT\P2.00 x 2.00 x 0.50}
16648	2532.875	1607.507	\pxqc;{\fCalibri Light|b0|i0|c0|p34;SLOOF  \P20cm x 40cm}
1664A	2546.407	1608.968	\pxqc;{\fCalibri Light|b0|i0|c0|p34;PONDASI PLAT\P2.00 x 2.00 x 0.50}
1664D	2556.875	1607.507	\pxqc;{\fCalibri Light|b0|i0|c0|p34;SLOOF  \P20cm x 40cm}
16662	2668.597	1653.537	\pxqc;{\fCalibri Light|b0|i0|c0|p34;TAHAP 1}
16664	2668.597	1623.537	\pxqc;{\fCalibri Light|b0|i0|c0|p34;TAHAP 1}
16666	2611.597	1653.537	\pxqc;{\fCalibri Light|b0|i0|c0|p34;TAHAP 1}
1666E	2627.450	1593.721	\pxsm1,qc;{\fBritannic Bold|b0|i0|c0|p34;\H0.47681x;\LRENC. KOLOM GUDANG (TAHAP 1)\H2.09728x;\P\H0.40869x;\lSKALA 1:100}
16670	2570.372	1515.847	\pxsm1,qc;{\fBritannic Bold|b0|i0|c0|p34;\H0.40869x;\LRENC. KOLOM GUDANG (TAHAP 2)\H2.44683x;\P\H0.34058x;\lSKALA 1:100}
16672	2611.597	1623.537	\pxqc;{\fCalibri Light|b0|i0|c0|p34;TAHAP 1}
16677	2640.044	1600.630	\pxqc;{\fCalibri Light|b0|i0|c0|p34;A-A}
1667B	2637.044	1674.630	\pxqc;{\fCalibri Light|b0|i0|c0|p34;A-A}
16680	2595.340	1642.334	\pxqc;{\fCalibri Light|b0|i0|c0|p34;B-B}
16682	2573.871	1546.307	\pxqc;{\fCalibri Light|b0|i0|c0|p34;TAHAP 2}
16684	2615.871	1546.307	\pxqc;{\fCalibri Light|b0|i0|c0|p34;TAHAP 2}
16688	2717.340	1642.334	\pxqc;{\fCalibri Light|b0|i0|c0|p34;B-B}
1668D	2555.005	1542.748	\pxqc;{\fCalibri Light|b0|i0|c0|p34;B-B}
16691	2649.005	1542.748	\pxqc;{\fCalibri Light|b0|i0|c0|p34;B-B}
16696	2618.709	1525.044	\pxqc;{\fCalibri Light|b0|i0|c0|p34;A-A}
1669A	2615.709	1569.044	\pxqc;{\fCalibri Light|b0|i0|c0|p34;A-A}
1669C	2602.858	1665.024	\pxqc;{\fCalibri Light|b0|i0|c0|p34;KOLOM WF 350}
166AC	2626.858	1665.024	\pxqc;{\fCalibri Light|b0|i0|c0|p34;KOLOM WF 350}
166AE	2650.858	1665.024	\pxqc;{\fCalibri Light|b0|i0|c0|p34;KOLOM WF 350}
166B0	2674.858	1665.024	\pxqc;{\fCalibri Light|b0|i0|c0|p34;KOLOM WF 350}
166B2	2698.974	1665.024	\pxqc;{\fCalibri Light|b0|i0|c0|p34;KOLOM WF 350}
166B4	2698.974	1635.024	\pxqc;{\fCalibri Light|b0|i0|c0|p34;KOLOM WF 350}
166B6	2674.858	1635.024	\pxqc;{\fCalibri Light|b0|i0|c0|p34;KOLOM WF 350}
166B8	2650.858	1635.024	\pxqc;{\fCalibri Light|b0|i0|c0|p34;KOLOM WF 350}
166BA	2626.858	1635.024	\pxqc;{\fCalibri Light|b0|i0|c0|p34;KOLOM WF 350}
166BC	2602.858	1635.024	\pxqc;{\fCalibri Light|b0|i0|c0|p34;KOLOM WF 350}
166BE	2626.858	1610.907	\pxqc;{\fCalibri Light|b0|i0|c0|p34;KOLOM WF 350}
166C0	2650.858	1610.907	\pxqc;{\fCalibri Light|b0|i0|c0|p34;KOLOM WF 350}
166C2	2674.858	1610.907	\pxqc;{\fCalibri Light|b0|i0|c0|p34;KOLOM WF 350}
166C4	2698.858	1610.907	\pxqc;{\fCalibri Light|b0|i0|c0|p34;KOLOM WF 350}
166C6	2449.333	1559.437	\pxqc;{\fCalibri Light|b0|i0|c0|p34;PONDASI PLAT\P2.00 x 2.00 x 0.50}
166C9	2459.801	1560.898	\pxqc;{\fCalibri Light|b0|i0|c0|p34;SLOOF  \P20cm x 40cm}
166CB	2449.333	1533.381	\pxqc;{\fCalibri Light|b0|i0|c0|p34;PONDASI PLAT\P2.00 x 2.00 x 0.50}
166CE	2459.801	1531.920	\pxqc;{\fCalibri Light|b0|i0|c0|p34;SLOOF  \P20cm x 40cm}
166D0	2473.333	1559.437	\pxqc;{\fCalibri Light|b0|i0|c0|p34;PONDASI PLAT\P2.00 x 2.00 x 0.50}
166D3	2483.801	1560.898	\pxqc;{\fCalibri Light|b0|i0|c0|p34;SLOOF  \P20cm x 40cm}
166D5	2473.333	1533.381	\pxqc;{\fCalibri Light|b0|i0|c0|p34;PONDASI PLAT\P2.00 x 2.00 x 0.50}
166D8	2483.801	1531.920	\pxqc;{\fCalibri Light|b0|i0|c0|p34;SLOOF  \P20cm x 40cm}
166DA	2497.333	1559.437	\pxqc;{\fCalibri Light|b0|i0|c0|p34;PONDASI PLAT\P2.00 x 2.00 x 0.50}
166DD	2507.801	1560.898	\pxqc;{\fCalibri Light|b0|i0|c0|p34;SLOOF  \P20cm x 40cm}
166DF	2497.333	1533.381	\pxqc;{\fCalibri Light|b0|i0|c0|p34;PONDASI PLAT\P2.00 x 2.00 x 0.50}
166E2	2507.801	1531.920	\pxqc;{\fCalibri Light|b0|i0|c0|p34;SLOOF  \P20cm x 40cm}
166E4	2521.333	1559.437	\pxqc;{\fCalibri Light|b0|i0|c0|p34;PONDASI PLAT\P2.00 x 2.00 x 0.50}
166E7	2521.333	1533.381	\pxqc;{\fCalibri Light|b0|i0|c0|p34;PONDASI PLAT\P2.00 x 2.00 x 0.50}
166EB	2563.522	1559.437	\pxqc;{\fCalibri Light|b0|i0|c0|p34;KOLOM WF 350}
166F1	2587.522	1559.437	\pxqc;{\fCalibri Light|b0|i0|c0|p34;KOLOM WF 350}
166F3	2611.522	1559.437	\pxqc;{\fCalibri Light|b0|i0|c0|p34;KOLOM WF 350}
166F5	2635.522	1559.437	\pxqc;{\fCalibri Light|b0|i0|c0|p34;KOLOM WF 350}
166F7	2563.522	1535.320	\pxqc;{\fCalibri Light|b0|i0|c0|p34;KOLOM WF 350}
166FD	2587.522	1535.320	\pxqc;{\fCalibri Light|b0|i0|c0|p34;KOLOM WF 350}
166FF	2611.522	1535.320	\pxqc;{\fCalibri Light|b0|i0|c0|p34;KOLOM WF 350}
16701	2635.522	1535.320	\pxqc;{\fCalibri Light|b0|i0|c0|p34;KOLOM WF 350}
16703	2582.257	1607.838	\pxqr;{\fCalibri Light|b0|i0|c0|p34;NAIK}
167AE	2779.900	1593.721	\pxsm1,qc;{\fBritannic Bold|b0|i0|c0|p34;\H0.47681x;\LRENC. ATAP GUDANG (TAHAP 1)\H2.09728x;\P\H0.40869x;\lSKALA 1:100}
1681C	2684.561	1519.050	\pxsm1,qc;{\fBritannic Bold|b0|i0|c0|p34;\H0.40869x;\LRENC. ATAP GUDANG (TAHAP 2)\H2.44683x;\P\H0.34058x;\lSKALA 1:100}
17081	2869.925	1659.376	{\fCalibri Light|b0|i0|c0|p34;\C0;GORDING \PCNP 125, 2mm}
17083	2869.755	1650.151	\pxql;{\fCalibri Light|b0|i0|c0|p34;\C0;TALI ANGIN  \P%%C16}
17087	2869.925	1645.333	\pxql;{\fCalibri Light|b0|i0|c0|p34;\C0;TRESTANG %%C12}
1708A	2869.925	1641.752	\pxql;{\fCalibri Light|b0|i0|c0|p34;\C0;KUDA-KUDA \PWF 300}
1743A	2762.957	1553.790	{\fCalibri Light|b0|i0|c0|p34;\C0;GORDING \PCNP 125, 2mm}
1743C	2762.788	1544.564	\pxql;{\fCalibri Light|b0|i0|c0|p34;\C0;TALI ANGIN  \P%%C16}
17440	2762.957	1539.746	\pxql;{\fCalibri Light|b0|i0|c0|p34;\C0;TRESTANG %%C12}
17443	2762.957	1536.166	\pxql;{\fCalibri Light|b0|i0|c0|p34;\C0;KUDA-KUDA \PWF 300}
17972	3000.025	1665.980	\pxqr;{\fCalibri Light|b0|i0|c0|p34;PEDESTAL 40cm x 60cm}
17974	3000.025	1664.079	\pxqr;{\fCalibri Light|b0|i0|c0|p34;SLOOF 20cm x 40cm}
17976	3000.025	1662.126	{\fCalibri Light|b0|i0|c0|p34;PONDASI PLAT\P2.00 x 2.00 x 0.50}
17979	3000.088	1671.849	\pxqr;{\fCalibri Light|b0|i0|c0|p34;KOLOM WF 350}
1797C	3000.290	1675.452	\pxqr;{\fCalibri Light|b0|i0|c0|p34;KUDA-KUDA WF 300}
1797F	3000.290	1677.119	\pxqr;{\fCalibri Light|b0|i0|c0|p34;SENG GALVALUME 0,40mm}
17983	3000.089	1674.086	\pxqr;{\fCalibri Light|b0|i0|c0|p34;KONSOL WF350}
17985	3000.290	1676.402	\pxqr;{\fCalibri Light|b0|i0|c0|p34;GORDING CNP 125 x 2mm}
17988	3000.025	1657.506	{\fCalibri Light|b0|i0|c0|p34;PANCANG, 2  TITIK\PPANJANG 6m}
1798F	2996.455	1670.321	\pxqr;{\fCentury|b0|i0|c0|p18;KUDA-KUDA DOUBLE L \P50mm x 50mm}
17995	2994.741	1668.670	\pxqr;{\fCentury|b0|i0|c0|p18;CNP 125}
17B82	3057.540	1670.435	\pxqr;{\fCalibri Light|b0|i0|c0|p34;BALOK ANAK WF 150}
17B84	3049.238	1669.260	\pxqc;{\fCalibri Light|b0|i0|c0|p34;BALOK INDUK WF 300}
17B8A	3045.932	1666.122	\pxqc;{\fCalibri Light|b0|i0|c0|p34;LANTAI 1}
17B8F	3045.932	1670.622	\pxqc;{\fCalibri Light|b0|i0|c0|p34;LANTAI 2}
17B96	3019.793	1652.466	\pxsm1,qc;{\fBritannic Bold|b0|i0|c0|p34;\H0.3x;\LPOTONGAN A-A (TAHAP 1)\H0.66667x;\P\lSKALA 1:100}
17B98	3070.046	1666.660	\pxsm1,ql;{\fCalibri Light|b0|i0|c0|p34;+ 1.00}
17B9C	3070.046	1665.660	\pxsm1,ql;{\fCalibri Light|b0|i0|c0|p34;%%P 0.00}
17BA0	3070.288	1663.660	\pxsm1,ql;{\fCalibri Light|b0|i0|c0|p34;- 2.00}
17BA4	3070.288	1663.160	\pxsm1,ql;{\fCalibri Light|b0|i0|c0|p34;- 2.50}
17BAA	3070.283	1657.160	\pxsm1,ql;{\fCalibri Light|b0|i0|c0|p34;- 8.50}
17BAC	3070.046	1670.160	\pxsm1,ql;{\fCalibri Light|b0|i0|c0|p34;+ 4.50}
17BB0	3069.860	1674.660	\pxsm1,ql;{\fCalibri Light|b0|i0|c0|p34;+ 9.00}
17BB4	3069.860	1679.160	\pxsm1,ql;{\fCalibri Light|b0|i0|c0|p34;+ 13.50}
18C3F	3000.025	1633.970	\pxqr;{\fCalibri Light|b0|i0|c0|p34;PEDESTAL 40cm x 60cm}
18C41	3000.025	1632.070	\pxqr;{\fCalibri Light|b0|i0|c0|p34;SLOOF 20cm x 40cm}
18C43	3000.025	1630.117	{\fCalibri Light|b0|i0|c0|p34;PONDASI PLAT\P2.00 x 2.00 x 0.50}
18C46	3000.088	1639.840	\pxqr;{\fCalibri Light|b0|i0|c0|p34;KOLOM WF 350}
18C49	3000.290	1643.442	\pxqr;{\fCalibri Light|b0|i0|c0|p34;KUDA-KUDA WF 300}
18C4C	3000.290	1645.109	\pxqr;{\fCalibri Light|b0|i0|c0|p34;SENG GALVALUME 0,40mm}
18C50	3000.089	1642.077	\pxqr;{\fCalibri Light|b0|i0|c0|p34;KONSOL WF350}
18C52	3000.290	1644.393	\pxqr;{\fCalibri Light|b0|i0|c0|p34;GORDING CNP 125 x 2mm}
18C55	3000.025	1625.497	{\fCalibri Light|b0|i0|c0|p34;PANCANG, 2  TITIK\PPANJANG 6m}
18C5C	2996.455	1638.312	\pxqr;{\fCentury|b0|i0|c0|p18;KUDA-KUDA DOUBLE L \P50mm x 50mm}
18C62	2994.741	1636.661	\pxqr;{\fCentury|b0|i0|c0|p18;CNP 125}
18E25	3019.793	1619.110	\pxsm1,qc;{\fBritannic Bold|b0|i0|c0|p34;\H0.3x;\LPORTAL G-G (TAHAP 1)\H0.66667x;\P\lSKALA 1:100}
18E27	3070.046	1634.651	\pxsm1,ql;{\fCalibri Light|b0|i0|c0|p34;+ 1.00}
18E2B	3070.046	1633.651	\pxsm1,ql;{\fCalibri Light|b0|i0|c0|p34;%%P 0.00}
18E2F	3070.288	1631.651	\pxsm1,ql;{\fCalibri Light|b0|i0|c0|p34;- 2.00}
18E33	3070.288	1631.151	\pxsm1,ql;{\fCalibri Light|b0|i0|c0|p34;- 2.50}
18E39	3070.283	1625.151	\pxsm1,ql;{\fCalibri Light|b0|i0|c0|p34;- 8.50}
18E3B	3070.046	1638.151	\pxsm1,ql;{\fCalibri Light|b0|i0|c0|p34;+ 4.50}
18E3F	3069.860	1642.651	\pxsm1,ql;{\fCalibri Light|b0|i0|c0|p34;+ 9.00}
18E43	3069.860	1647.151	\pxsm1,ql;{\fCalibri Light|b0|i0|c0|p34;+ 13.50}
1A9B3	3012.088	1639.840	\pxqr;{\fCalibri Light|b0|i0|c0|p34;KOLOM WF 350}
1A9B6	3024.088	1639.840	\pxqr;{\fCalibri Light|b0|i0|c0|p34;KOLOM WF 350}
1B9B1	3042.088	1639.840	\pxqr;{\fCalibri Light|b0|i0|c0|p34;KOLOM WF 350}
1B9B4	3054.088	1639.840	\pxqr;{\fCalibri Light|b0|i0|c0|p34;KOLOM WF 350}
1B9EA	2921.568	1660.697	\pxsm1,qc;{\fBritannic Bold|b0|i0|c0|p34;\H0.3x;\LTAMPAK SELATAN (TAHAP 1)\H0.66667x;\P\lSKALA 1:100}
1BC3F	2447.212	1597.401	\pxqc;{\fISOCPEUR|b0|i0|c0|p34;A}
1BC43	2453.212	1597.401	\pxqc;{\fISOCPEUR|b0|i0|c0|p34;B}
1BC47	2459.212	1597.401	\pxqc;{\fISOCPEUR|b0|i0|c0|p34;C}
1BC4B	2465.212	1597.401	\pxqc;{\fISOCPEUR|b0|i0|c0|p34;D}
1BC4F	2471.212	1597.401	\pxqc;{\fISOCPEUR|b0|i0|c0|p34;E}
1BC53	2477.212	1597.401	\pxqc;{\fISOCPEUR|b0|i0|c0|p34;F}
1BC57	2483.212	1597.401	\pxqc;{\fISOCPEUR|b0|i0|c0|p34;G}
1BC5B	2489.212	1597.401	\pxqc;{\fISOCPEUR|b0|i0|c0|p34;H}
1BC5F	2495.212	1597.401	\pxqc;{\fISOCPEUR|b0|i0|c0|p34;I}
1BC63	2501.212	1597.401	\pxqc;{\fISOCPEUR|b0|i0|c0|p34;J}
1BC67	2507.212	1597.401	\pxqc;{\fISOCPEUR|b0|i0|c0|p34;K}
1BC6B	2513.212	1597.401	\pxqc;{\fISOCPEUR|b0|i0|c0|p34;L}
1BC6F	2519.212	1597.401	\pxqc;{\fISOCPEUR|b0|i0|c0|p34;M}
1BC73	2525.212	1597.401	\pxqc;{\fISOCPEUR|b0|i0|c0|p34;N}
1BC77	2531.212	1597.401	\pxqc;{\fISOCPEUR|b0|i0|c0|p34;O}
1BC7B	2537.212	1597.401	\pxqc;{\fISOCPEUR|b0|i0|c0|p34;P}
1BC7F	2543.212	1597.401	\pxqc;{\fISOCPEUR|b0|i0|c0|p34;Q}
1BC83	2549.212	1597.401	\pxqc;{\fISOCPEUR|b0|i0|c0|p34;R}
1BC87	2555.212	1597.401	\pxqc;{\fISOCPEUR|b0|i0|c0|p34;S}
1BC8B	2561.212	1597.401	\pxqc;{\fISOCPEUR|b0|i0|c0|p34;T}
1BC8F	2567.212	1597.401	\pxqc;{\fISOCPEUR|b0|i0|c0|p34;U}
1BC92	2447.212	1677.434	\pxqc;{\fISOCPEUR|b0|i0|c0|p34;A}
1BC95	2453.212	1677.434	\pxqc;{\fISOCPEUR|b0|i0|c0|p34;B}
1BC98	2459.212	1677.434	\pxqc;{\fISOCPEUR|b0|i0|c0|p34;C}
1BC9B	2465.212	1677.434	\pxqc;{\fISOCPEUR|b0|i0|c0|p34;D}
1BC9E	2471.212	1677.434	\pxqc;{\fISOCPEUR|b0|i0|c0|p34;E}
1BCA1	2477.212	1677.434	\pxqc;{\fISOCPEUR|b0|i0|c0|p34;F}
1BCA4	2483.212	1677.434	\pxqc;{\fISOCPEUR|b0|i0|c0|p34;G}
1BCA7	2489.212	1677.434	\pxqc;{\fISOCPEUR|b0|i0|c0|p34;H}
1BCAA	2495.212	1677.434	\pxqc;{\fISOCPEUR|b0|i0|c0|p34;I}
1BCAD	2501.212	1677.434	\pxqc;{\fISOCPEUR|b0|i0|c0|p34;J}
1BCB0	2507.212	1677.434	\pxqc;{\fISOCPEUR|b0|i0|c0|p34;K}
1BCB3	2513.212	1677.434	\pxqc;{\fISOCPEUR|b0|i0|c0|p34;L}
1BCB6	2519.212	1677.434	\pxqc;{\fISOCPEUR|b0|i0|c0|p34;M}
1BCB9	2525.212	1677.434	\pxqc;{\fISOCPEUR|b0|i0|c0|p34;N}
1BCBC	2531.212	1677.434	\pxqc;{\fISOCPEUR|b0|i0|c0|p34;O}
1BCBF	2537.212	1677.434	\pxqc;{\fISOCPEUR|b0|i0|c0|p34;P}
1BCC2	2543.212	1677.434	\pxqc;{\fISOCPEUR|b0|i0|c0|p34;Q}
1BCC5	2549.212	1677.434	\pxqc;{\fISOCPEUR|b0|i0|c0|p34;R}
1BCC8	2555.212	1677.434	\pxqc;{\fISOCPEUR|b0|i0|c0|p34;S}
1BCCB	2561.212	1677.434	\pxqc;{\fISOCPEUR|b0|i0|c0|p34;T}
1BCCE	2567.212	1677.434	\pxqc;{\fISOCPEUR|b0|i0|c0|p34;U}
1BCD2	2599.662	1597.401	\pxqc;{\fISOCPEUR|b0|i0|c0|p34;A}
1BCD6	2605.662	1597.401	\pxqc;{\fISOCPEUR|b0|i0|c0|p34;B}
1BCDA	2611.662	1597.401	\pxqc;{\fISOCPEUR|b0|i0|c0|p34;C}
1BCDE	2617.662	1597.401	\pxqc;{\fISOCPEUR|b0|i0|c0|p34;D}
1BCE2	2623.662	1597.401	\pxqc;{\fISOCPEUR|b0|i0|c0|p34;E}
1BCE6	2629.662	1597.401	\pxqc;{\fISOCPEUR|b0|i0|c0|p34;F}
1BCEA	2635.662	1597.401	\pxqc;{\fISOCPEUR|b0|i0|c0|p34;G}
1BCEE	2641.662	1597.401	\pxqc;{\fISOCPEUR|b0|i0|c0|p34;H}
1BCF2	2647.662	1597.401	\pxqc;{\fISOCPEUR|b0|i0|c0|p34;I}
1BCF6	2653.662	1597.401	\pxqc;{\fISOCPEUR|b0|i0|c0|p34;J}
1BCFA	2659.662	1597.401	\pxqc;{\fISOCPEUR|b0|i0|c0|p34;K}
1BCFE	2665.662	1597.401	\pxqc;{\fISOCPEUR|b0|i0|c0|p34;L}
1BD02	2671.662	1597.401	\pxqc;{\fISOCPEUR|b0|i0|c0|p34;M}
1BD06	2677.662	1597.401	\pxqc;{\fISOCPEUR|b0|i0|c0|p34;N}
1BD0A	2683.662	1597.401	\pxqc;{\fISOCPEUR|b0|i0|c0|p34;O}
1BD0E	2689.662	1597.401	\pxqc;{\fISOCPEUR|b0|i0|c0|p34;P}
1BD12	2695.662	1597.401	\pxqc;{\fISOCPEUR|b0|i0|c0|p34;Q}
1BD16	2701.662	1597.401	\pxqc;{\fISOCPEUR|b0|i0|c0|p34;R}
1BD1A	2707.662	1597.401	\pxqc;{\fISOCPEUR|b0|i0|c0|p34;S}
1BD1E	2713.662	1597.401	\pxqc;{\fISOCPEUR|b0|i0|c0|p34;T}
1BD22	2719.662	1597.401	\pxqc;{\fISOCPEUR|b0|i0|c0|p34;U}
1BD25	2599.662	1677.434	\pxqc;{\fISOCPEUR|b0|i0|c0|p34;A}
1BD28	2605.662	1677.434	\pxqc;{\fISOCPEUR|b0|i0|c0|p34;B}
1BD2B	2611.662	1677.434	\pxqc;{\fISOCPEUR|b0|i0|c0|p34;C}
1BD2E	2617.662	1677.434	\pxqc;{\fISOCPEUR|b0|i0|c0|p34;D}
1BD31	2623.662	1677.434	\pxqc;{\fISOCPEUR|b0|i0|c0|p34;E}
1BD34	2629.662	1677.434	\pxqc;{\fISOCPEUR|b0|i0|c0|p34;F}
1BD37	2635.662	1677.434	\pxqc;{\fISOCPEUR|b0|i0|c0|p34;G}
1BD3A	2641.662	1677.434	\pxqc;{\fISOCPEUR|b0|i0|c0|p34;H}
1BD3D	2647.662	1677.434	\pxqc;{\fISOCPEUR|b0|i0|c0|p34;I}
1BD40	2653.662	1677.434	\pxqc;{\fISOCPEUR|b0|i0|c0|p34;J}
1BD43	2659.662	1677.434	\pxqc;{\fISOCPEUR|b0|i0|c0|p34;K}
1BD46	2665.662	1677.434	\pxqc;{\fISOCPEUR|b0|i0|c0|p34;L}
1BD49	2671.662	1677.434	\pxqc;{\fISOCPEUR|b0|i0|c0|p34;M}
1BD4C	2677.662	1677.434	\pxqc;{\fISOCPEUR|b0|i0|c0|p34;N}
1BD4F	2683.662	1677.434	\pxqc;{\fISOCPEUR|b0|i0|c0|p34;O}
1BD52	2689.662	1677.434	\pxqc;{\fISOCPEUR|b0|i0|c0|p34;P}
1BD55	2695.662	1677.434	\pxqc;{\fISOCPEUR|b0|i0|c0|p34;Q}
1BD58	2701.662	1677.434	\pxqc;{\fISOCPEUR|b0|i0|c0|p34;R}
1BD5B	2707.662	1677.434	\pxqc;{\fISOCPEUR|b0|i0|c0|p34;S}
1BD5E	2713.662	1677.434	\pxqc;{\fISOCPEUR|b0|i0|c0|p34;T}
1BD61	2719.662	1677.434	\pxqc;{\fISOCPEUR|b0|i0|c0|p34;U}
1D72C	2442.890	1624.334	\pxqc;{\fCalibri Light|b0|i0|c0|p34;C-C}
1D730	2570.890	1624.334	\pxqc;{\fCalibri Light|b0|i0|c0|p34;C-C}
1D735	2595.340	1624.334	\pxqc;{\fCalibri Light|b0|i0|c0|p34;C-C}
1D739	2723.340	1624.334	\pxqc;{\fCalibri Light|b0|i0|c0|p34;C-C}
1D743	3295.320	1600.300	\pxsm1,qc;{\fBritannic Bold|b0|i0|c0|p34;\H0.3x;\LPOTONGAN C-C (TAHAP 1)\P\H0.66667x;\lSKALA 1:100}
1D782	3299.459	1619.091	\pxqr;{\fCalibri Light|b0|i0|c0|p34;BALOK ANAK WF 150}
1D901	3244.399	1614.636	\pxqr;{\fCalibri Light|b0|i0|c0|p34;PEDESTAL 40cm x 60cm}
1D903	3244.399	1610.782	{\fCalibri Light|b0|i0|c0|p34;PONDASI PLAT\P2.00 x 2.00 x 0.50}
1D906	3244.462	1616.511	\pxqr;{\fCalibri Light|b0|i0|c0|p34;KOLOM WF 350}
1D90A	3244.399	1606.163	{\fCalibri Light|b0|i0|c0|p34;PANCANG, 2  TITIK\PPANJANG 6m}
1D90D	3244.399	1612.735	\pxqr;{\fCalibri Light|b0|i0|c0|p34;SLOOF 20cm x 40cm}
1D90F	3244.473	1622.812	{\fCalibri Light|b0|i0|c0|p34;LEGER CNP 125,\PIsian Besi Beton 10mm}
1D912	3244.473	1623.664	{\fCalibri Light|b0|i0|c0|p34;KUDA-KUDA WF 300}
1D915	3244.473	1626.521	{\fCalibri Light|b0|i0|c0|p34;TRESTANG %%C12}
1D918	3244.473	1625.391	{\fCalibri Light|b0|i0|c0|p34;TALI ANGIN %%C16}
1D91B	3244.473	1625.391	\pxqr;{\fCalibri Light|b0|i0|c0|p34;\C0;TALI ANGIN %%C16}
1D91D	3244.473	1624.489	\pxqr;{\fCalibri Light|b0|i0|c0|p34;\C0;GORDING CNP 125}
1D920	3275.459	1619.091	\pxqr;{\fCalibri Light|b0|i0|c0|p34;BALOK ANAK WF 150}
1D926	3287.068	1614.779	\pxqc;{\fCalibri Light|b0|i0|c0|p34;LANTAI 1}
1D92B	3287.068	1619.279	\pxqc;{\fCalibri Light|b0|i0|c0|p34;LANTAI 2}
1D92D	3251.459	1619.091	\pxqr;{\fCalibri Light|b0|i0|c0|p34;BALOK ANAK WF 150}
1D933	3263.068	1614.779	\pxqc;{\fCalibri Light|b0|i0|c0|p34;LANTAI 1}
1D938	3263.068	1619.279	\pxqc;{\fCalibri Light|b0|i0|c0|p34;LANTAI 2}
1D939	3372.043	1615.316	\pxsm1,ql;{\fCalibri Light|b0|i0|c0|p34;+ 1.00}
1D93D	3372.043	1614.316	\pxsm1,ql;{\fCalibri Light|b0|i0|c0|p34;%%P 0.00}
1D941	3372.280	1612.316	\pxsm1,ql;{\fCalibri Light|b0|i0|c0|p34;- 2.00}
1D945	3372.280	1611.816	\pxsm1,ql;{\fCalibri Light|b0|i0|c0|p34;- 2.50}
1D94B	3372.280	1605.816	\pxsm1,ql;{\fCalibri Light|b0|i0|c0|p34;- 8.50}
1D94D	3372.043	1618.816	\pxsm1,ql;{\fCalibri Light|b0|i0|c0|p34;+ 4.50}
1D951	3371.857	1623.316	\pxsm1,ql;{\fCalibri Light|b0|i0|c0|p34;+ 9.00}
1D955	3371.857	1627.816	\pxsm1,ql;{\fCalibri Light|b0|i0|c0|p34;+ 13.50}
1F823	3240.952	1618.964	\pxqr;{\fCentury|b0|i0|c0|p18;KUDA-KUDA DOUBLE L \P50mm x 50mm}
1F829	3239.238	1617.313	\pxqr;{\fCentury|b0|i0|c0|p18;CNP 125}
212E7	3311.459	1619.091	\pxqr;{\fCalibri Light|b0|i0|c0|p34;BALOK ANAK WF 150}
212EC	3323.459	1619.091	\pxqr;{\fCalibri Light|b0|i0|c0|p34;BALOK ANAK WF 150}
212F1	3335.459	1619.091	\pxqr;{\fCalibri Light|b0|i0|c0|p34;BALOK ANAK WF 150}
212F6	3347.459	1619.091	\pxqr;{\fCalibri Light|b0|i0|c0|p34;BALOK ANAK WF 150}
21673	3294.297	1644.355	\pxsm1,qc;{\fBritannic Bold|b0|i0|c0|p34;\H0.3x;\LTAMPAK TIMUR (TAHAP 1)\P\H0.66667x;\lSKALA 1:100}
21996	2890.005	1561.610	\pxqr;{\fCalibri Light|b0|i0|c0|p34;PEDESTAL \P40cm x 60cm}
21998	2890.005	1560.264	\pxqr;{\fCalibri Light|b0|i0|c0|p34;SLOOF \P20cm x 40cm}
2199A	2890.005	1557.272	{\fCalibri Light|b0|i0|c0|p34;PONDASI PLAT\P2.00 x 2.00 x 0.50}
2199D	2890.069	1566.995	\pxqr;{\fCalibri Light|b0|i0|c0|p34;KOLOM \PWF 350}
219A0	2891.271	1570.597	\pxqr;{\fCalibri Light|b0|i0|c0|p34;KUDA-KUDA WF 300}
219A3	2891.271	1572.264	\pxqr;{\fCalibri Light|b0|i0|c0|p34;SENG GALVALUME 0,40mm}
219A7	2885.070	1569.232	\pxqr;{\fCalibri Light|b0|i0|c0|p34;KONSOL WF350}
219A9	2891.271	1571.548	\pxqr;{\fCalibri Light|b0|i0|c0|p34;GORDING CNP 125 x 2mm}
219AC	2890.005	1552.652	{\fCalibri Light|b0|i0|c0|p34;PANCANG, 2  TITIK\PPANJANG 6m}
219AE	2896.095	1549.303	\pxsm1,qc;{\fBritannic Bold|b0|i0|c0|p34;\H0.3x;\LPORTAL A-A (TAHAP 2)\H0.66667x;\P\lSKALA 1:100}
219B0	2933.027	1561.806	\pxsm1,ql;{\fCalibri Light|b0|i0|c0|p34;+ 1.00}
219B4	2933.027	1560.806	\pxsm1,ql;{\fCalibri Light|b0|i0|c0|p34;%%P 0.00}
219B8	2933.269	1558.806	\pxsm1,ql;{\fCalibri Light|b0|i0|c0|p34;- 2.00}
219BC	2933.269	1558.306	\pxsm1,ql;{\fCalibri Light|b0|i0|c0|p34;- 2.50}
219C2	2933.263	1552.306	\pxsm1,ql;{\fCalibri Light|b0|i0|c0|p34;- 8.50}
219C4	2933.027	1568.306	\pxsm1,ql;{\fCalibri Light|b0|i0|c0|p34;+ 7.50}
219C8	2932.841	1569.806	\pxsm1,ql;{\fCalibri Light|b0|i0|c0|p34;+ 9.00}
219CC	2932.841	1574.306	\pxsm1,ql;{\fCalibri Light|b0|i0|c0|p34;+ 13.50}
22330	2929.028	1565.467	\pxqr;{\fCentury|b0|i0|c0|p18;KUDA-KUDA DOUBLE L \P50mm x 50mm}
22336	2930.741	1563.816	\pxql;{\fCentury|b0|i0|c0|p18;CNP 125}
223C8	2560.326	1571.847	\pxqc;{\fISOCPEUR|b0|i0|c0|p34;A}
223CB	2566.326	1571.847	\pxqc;{\fISOCPEUR|b0|i0|c0|p34;B}
223CE	2572.326	1571.847	\pxqc;{\fISOCPEUR|b0|i0|c0|p34;C}
223D1	2578.326	1571.847	\pxqc;{\fISOCPEUR|b0|i0|c0|p34;D}
223D4	2584.326	1571.847	\pxqc;{\fISOCPEUR|b0|i0|c0|p34;E}
223D7	2590.326	1571.847	\pxqc;{\fISOCPEUR|b0|i0|c0|p34;F}
223DA	2596.326	1571.847	\pxqc;{\fISOCPEUR|b0|i0|c0|p34;G}
223DD	2602.326	1571.847	\pxqc;{\fISOCPEUR|b0|i0|c0|p34;H}
223E0	2608.326	1571.847	\pxqc;{\fISOCPEUR|b0|i0|c0|p34;I}
223E3	2614.326	1571.847	\pxqc;{\fISOCPEUR|b0|i0|c0|p34;J}
223E6	2620.326	1571.847	\pxqc;{\fISOCPEUR|b0|i0|c0|p34;K}
223E9	2626.326	1571.847	\pxqc;{\fISOCPEUR|b0|i0|c0|p34;L}
223EC	2632.326	1571.847	\pxqc;{\fISOCPEUR|b0|i0|c0|p34;M}
223EF	2638.326	1571.847	\pxqc;{\fISOCPEUR|b0|i0|c0|p34;N}
223F2	2644.326	1571.847	\pxqc;{\fISOCPEUR|b0|i0|c0|p34;O}
223F5	2560.326	1521.815	\pxqc;{\fISOCPEUR|b0|i0|c0|p34;A}
223F8	2566.326	1521.815	\pxqc;{\fISOCPEUR|b0|i0|c0|p34;B}
223FB	2572.326	1521.815	\pxqc;{\fISOCPEUR|b0|i0|c0|p34;C}
223FE	2578.326	1521.815	\pxqc;{\fISOCPEUR|b0|i0|c0|p34;D}
22401	2584.326	1521.815	\pxqc;{\fISOCPEUR|b0|i0|c0|p34;E}
22404	2590.326	1521.815	\pxqc;{\fISOCPEUR|b0|i0|c0|p34;F}
22407	2596.326	1521.815	\pxqc;{\fISOCPEUR|b0|i0|c0|p34;G}
2240A	2602.326	1521.815	\pxqc;{\fISOCPEUR|b0|i0|c0|p34;H}
2240D	2608.326	1521.815	\pxqc;{\fISOCPEUR|b0|i0|c0|p34;I}
22410	2614.326	1521.815	\pxqc;{\fISOCPEUR|b0|i0|c0|p34;J}
22413	2620.326	1521.815	\pxqc;{\fISOCPEUR|b0|i0|c0|p34;K}
22416	2626.326	1521.815	\pxqc;{\fISOCPEUR|b0|i0|c0|p34;L}
22419	2632.326	1521.815	\pxqc;{\fISOCPEUR|b0|i0|c0|p34;M}
2241C	2638.326	1521.815	\pxqc;{\fISOCPEUR|b0|i0|c0|p34;N}
2241F	2644.326	1521.815	\pxqc;{\fISOCPEUR|b0|i0|c0|p34;O}
2255E	2446.137	1571.847	\pxqc;{\fISOCPEUR|b0|i0|c0|p34;A}
22561	2452.137	1571.847	\pxqc;{\fISOCPEUR|b0|i0|c0|p34;B}
22564	2458.137	1571.847	\pxqc;{\fISOCPEUR|b0|i0|c0|p34;C}
22567	2464.137	1571.847	\pxqc;{\fISOCPEUR|b0|i0|c0|p34;D}
2256A	2470.137	1571.847	\pxqc;{\fISOCPEUR|b0|i0|c0|p34;E}
2256D	2476.137	1571.847	\pxqc;{\fISOCPEUR|b0|i0|c0|p34;F}
22570	2482.137	1571.847	\pxqc;{\fISOCPEUR|b0|i0|c0|p34;G}
22573	2488.137	1571.847	\pxqc;{\fISOCPEUR|b0|i0|c0|p34;H}
22576	2494.137	1571.847	\pxqc;{\fISOCPEUR|b0|i0|c0|p34;I}
22579	2500.137	1571.847	\pxqc;{\fISOCPEUR|b0|i0|c0|p34;J}
2257C	2506.137	1571.847	\pxqc;{\fISOCPEUR|b0|i0|c0|p34;K}
2257F	2512.137	1571.847	\pxqc;{\fISOCPEUR|b0|i0|c0|p34;L}
22582	2518.137	1571.847	\pxqc;{\fISOCPEUR|b0|i0|c0|p34;M}
22585	2524.137	1571.847	\pxqc;{\fISOCPEUR|b0|i0|c0|p34;N}
22588	2530.137	1571.847	\pxqc;{\fISOCPEUR|b0|i0|c0|p34;O}
2258B	2446.137	1521.815	\pxqc;{\fISOCPEUR|b0|i0|c0|p34;A}
2258E	2452.137	1521.815	\pxqc;{\fISOCPEUR|b0|i0|c0|p34;B}
22591	2458.137	1521.815	\pxqc;{\fISOCPEUR|b0|i0|c0|p34;C}
22594	2464.137	1521.815	\pxqc;{\fISOCPEUR|b0|i0|c0|p34;D}
22597	2470.137	1521.815	\pxqc;{\fISOCPEUR|b0|i0|c0|p34;E}
2259A	2476.137	1521.815	\pxqc;{\fISOCPEUR|b0|i0|c0|p34;F}
2259D	2482.137	1521.815	\pxqc;{\fISOCPEUR|b0|i0|c0|p34;G}
225A0	2488.137	1521.815	\pxqc;{\fISOCPEUR|b0|i0|c0|p34;H}
225A3	2494.137	1521.815	\pxqc;{\fISOCPEUR|b0|i0|c0|p34;I}
225A6	2500.137	1521.815	\pxqc;{\fISOCPEUR|b0|i0|c0|p34;J}
225A9	2506.137	1521.815	\pxqc;{\fISOCPEUR|b0|i0|c0|p34;K}
225AC	2512.137	1521.815	\pxqc;{\fISOCPEUR|b0|i0|c0|p34;L}
225AF	2518.137	1521.815	\pxqc;{\fISOCPEUR|b0|i0|c0|p34;M}
225B2	2524.137	1521.815	\pxqc;{\fISOCPEUR|b0|i0|c0|p34;N}
225B5	2530.137	1521.815	\pxqc;{\fISOCPEUR|b0|i0|c0|p34;O}
227B8	2885.070	1564.672	\pxqr;{\fCalibri Light|b0|i0|c0|p34;KOLOM \PWF 200}
227BB	2885.070	1559.366	\pxqr;{\fCalibri Light|b0|i0|c0|p34;PONDASI PLAT\P1.00 x 1.00 x 0.30}
227BD	2933.027	1559.806	\pxsm1,ql;{\fCalibri Light|b0|i0|c0|p34;- 1.00}
22B31	2889.582	1530.914	\pxqr;{\fCalibri Light|b0|i0|c0|p34;PEDESTAL 40cm x 60cm}
22B33	2889.570	1529.836	\pxqr;{\fCalibri Light|b0|i0|c0|p34;SLOOF 20cm x 40cm}
22B35	2889.558	1527.759	{\fCalibri Light|b0|i0|c0|p34;PONDASI PLAT\P2.00 x 2.00 x 0.50}
22B38	2889.501	1536.567	\pxqr;{\fCalibri Light|b0|i0|c0|p34;KOLOM \PWF 350}
22B3B	2891.271	1540.169	\pxqr;{\fCalibri Light|b0|i0|c0|p34;KUDA-KUDA WF 300}
22B3E	2891.271	1541.836	\pxqr;{\fCalibri Light|b0|i0|c0|p34;SENG GALVALUME 0,40mm}
22B42	2889.561	1538.803	\pxqr;{\fCalibri Light|b0|i0|c0|p34;KONSOL WF350}
22B44	2891.271	1541.120	\pxqr;{\fCalibri Light|b0|i0|c0|p34;GORDING CNP 125 x 2mm}
22B47	2889.489	1522.224	{\fCalibri Light|b0|i0|c0|p34;PANCANG, 2  TITIK\PPANJANG 6m}
22B49	2896.095	1518.875	\pxsm1,qc;{\fBritannic Bold|b0|i0|c0|p34;\H0.3x;\LPOTONGAN A-A (TAHAP 2)\H0.66667x;\P\lSKALA 1:100}
22B4B	2933.027	1531.377	\pxsm1,ql;{\fCalibri Light|b0|i0|c0|p34;+ 1.00}
22B4F	2933.027	1530.377	\pxsm1,ql;{\fCalibri Light|b0|i0|c0|p34;%%P 0.00}
22B53	2933.269	1528.377	\pxsm1,ql;{\fCalibri Light|b0|i0|c0|p34;- 2.00}
22B57	2933.269	1527.877	\pxsm1,ql;{\fCalibri Light|b0|i0|c0|p34;- 2.50}
22B5D	2933.263	1521.877	\pxsm1,ql;{\fCalibri Light|b0|i0|c0|p34;- 8.50}
22B5F	2933.027	1537.877	\pxsm1,ql;{\fCalibri Light|b0|i0|c0|p34;+ 7.50}
22B63	2932.841	1539.377	\pxsm1,ql;{\fCalibri Light|b0|i0|c0|p34;+ 9.00}
22B67	2932.841	1543.877	\pxsm1,ql;{\fCalibri Light|b0|i0|c0|p34;+ 13.50}
234CB	2929.028	1535.039	\pxqr;{\fCentury|b0|i0|c0|p18;KUDA-KUDA DOUBLE L \P50mm x 50mm}
234D1	2930.741	1533.388	\pxql;{\fCentury|b0|i0|c0|p18;CNP 125}
236EB	2889.570	1534.243	\pxqr;{\fCalibri Light|b0|i0|c0|p34;KOLOM \PWF 200}
236EE	2889.570	1528.938	\pxqr;{\fCalibri Light|b0|i0|c0|p34;PONDASI PLAT\P1.00 x 1.00 x 0.30}
236F0	2933.027	1529.377	\pxsm1,ql;{\fCalibri Light|b0|i0|c0|p34;- 1.00}
237B1	2805.442	1557.803	\pxsm1,qc;{\fBritannic Bold|b0|i0|c0|p34;\H0.3x;\LTAMPAK SELATAN (TAHAP 2)\H0.66667x;\P\lSKALA 1:100}
237F5	2805.442	1532.375	\pxsm1,qc;{\fBritannic Bold|b0|i0|c0|p34;\H0.3x;\LTAMPAK UTARA (TAHAP 2)\H0.66667x;\P\lSKALA 1:100}
23962	2921.568	1634.779	\pxsm1,qc;{\fBritannic Bold|b0|i0|c0|p34;\H0.3x;\LTAMPAK UTARA (TAHAP 1)\H0.66667x;\P\lSKALA 1:100}
239A8	3002.955	1548.126	\pxsm1,qc;{\fBritannic Bold|b0|i0|c0|p34;\H0.3x;\LTAMPAK BARAT (TAHAP 2)\P\H0.66667x;\lSKALA 1:100}
23A3F	3221.178	1618.964	\pxqr;{\fCentury|b0|i0|c0|p18;KUDA-KUDA DOUBLE L \P50mm x 50mm}
23A45	3222.892	1617.313	\pxql;{\fCentury|b0|i0|c0|p18;CNP 125}
23A4F	3117.851	1526.157	\pxsm1,qc;{\fBritannic Bold|b0|i0|c0|p34;\H0.3x;\LPOTONGAN B-B (TAHAP 1)\P\H0.66667x;\lSKALA 1:100}
23AF2	3085.789	1539.921	\pxqr;{\fCalibri Light|b0|i0|c0|p34;PEDESTAL 40cm x 60cm}
23AF4	3085.789	1536.067	{\fCalibri Light|b0|i0|c0|p34;PONDASI PLAT\P2.00 x 2.00 x 0.50}
23AF7	3085.853	1541.796	\pxqr;{\fCalibri Light|b0|i0|c0|p34;KOLOM WF 350}
23AFB	3085.789	1531.447	{\fCalibri Light|b0|i0|c0|p34;PANCANG, 2  TITIK\PPANJANG 6m}
23AFE	3085.789	1538.020	\pxqr;{\fCalibri Light|b0|i0|c0|p34;SLOOF 20cm x 40cm}
23B00	3085.863	1548.097	{\fCalibri Light|b0|i0|c0|p34;LEGER CNP 125,\PIsian Besi Beton 10mm}
23B03	3085.863	1548.949	{\fCalibri Light|b0|i0|c0|p34;KUDA-KUDA WF 300}
23B06	3085.863	1551.806	{\fCalibri Light|b0|i0|c0|p34;TRESTANG %%C12}
23B09	3085.863	1550.675	{\fCalibri Light|b0|i0|c0|p34;TALI ANGIN %%C16}
23B0C	3085.863	1550.675	\pxqr;{\fCalibri Light|b0|i0|c0|p34;\C0;TALI ANGIN %%C16}
23B0E	3085.863	1549.774	\pxqr;{\fCalibri Light|b0|i0|c0|p34;\C0;GORDING CNP 125}
23B14	3128.458	1540.063	\pxqc;{\fCalibri Light|b0|i0|c0|p34;LANTAI 1}
23B19	3104.458	1540.063	\pxqc;{\fCalibri Light|b0|i0|c0|p34;LANTAI 1}
23B1A	3177.434	1540.601	\pxsm1,ql;{\fCalibri Light|b0|i0|c0|p34;+ 1.00}
23B1E	3177.434	1539.601	\pxsm1,ql;{\fCalibri Light|b0|i0|c0|p34;%%P 0.00}
23B22	3177.670	1537.601	\pxsm1,ql;{\fCalibri Light|b0|i0|c0|p34;- 2.00}
23B26	3177.670	1537.101	\pxsm1,ql;{\fCalibri Light|b0|i0|c0|p34;- 2.50}
23B2C	3177.670	1531.101	\pxsm1,ql;{\fCalibri Light|b0|i0|c0|p34;- 8.50}
23B2E	3177.434	1544.101	\pxsm1,ql;{\fCalibri Light|b0|i0|c0|p34;+ 4.50}
23B32	3177.248	1548.601	\pxsm1,ql;{\fCalibri Light|b0|i0|c0|p34;+ 9.00}
23B36	3177.248	1553.101	\pxsm1,ql;{\fCalibri Light|b0|i0|c0|p34;+ 13.50}
26576	3002.955	1516.378	\pxsm1,qc;{\fBritannic Bold|b0|i0|c0|p34;\H0.3x;\LTAMPAK TIMUR (TAHAP 2)\P\H0.66667x;\lSKALA 1:100}
2A2CA	2319.240	1532.784	\pxqc;{\fCalibri Light|b0|i0|c0|p34;GATE}
2A2CC	2344.659	1531.071	\pxqc;{\fCalibri Light|b0|i0|c0|p34;COR\PPARKIR LUAR}
2A2CF	2306.130	1532.084	\pxqc;{\fCalibri Light|b0|i0|c0|p34;POS}
2A2D3	2348.360	1635.754	\pxqc;{\fCalibri Light|b0|i0|c0|p34;PANEL}
2A2F8	2273.451	1652.945	\pxqc;{\fCalibri Light|b0|i0|c0|p34;TAHAP 2}
2A2FA	2315.451	1652.945	\pxqc;{\fCalibri Light|b0|i0|c0|p34;TAHAP 2}
2A2FC	2306.687	1603.089	\pxqc;{\fCalibri Light|b0|i0|c0|p34;TAHAP 1\P30x78}
2A2FE	2310.842	1573.089	\pxqc;{\fCalibri Light|b0|i0|c0|p34;TAHAP 1\P30x84}
2A300	2247.842	1603.089	\pxqc;{\fCalibri Light|b0|i0|c0|p34;TAHAP 1\P30x36}
2A316	2247.842	1576.596	\pxqc;{\fCalibri Light|b0|i0|c0|p34;TAHAP 1\P30x36}
2A427	2248.761	1550.187	\pxqc;{\fCalibri Light|b0|i0|c0|p34;JEMBATAN TIMBANG}
2A42F	2257.333	1555.631	\pxql;{\fCalibri Light|b0|i0|c0|p34;RUANG PENCATATAN\PHASIL TIMBANGAN}
2A455	2242.069	1557.408	\pxqr;{\fCalibri Light|b0|i0|c0|p34;NAIK}
2A45C	2242.233	1560.817	\pxqr;{\fCalibri Light|b0|i0|c0|p34;VOID}